{"B-outside_precision":0,"B-close_f1-score":0,"classification_report":{"B-inside":{"support":480,"precision":0,"recall":0,"f1-score":0},"B-LOC":{"precision":0.859601706970128,"recall":0.9518783964716074,"f1-score":0.9033897671637329,"support":12697},"B-close":{"recall":0,"f1-score":0,"support":1762,"precision":0},"weighted avg":{"precision":0.8034555762984881,"recall":0.8846660302202324,"f1-score":0.8413339242548192,"support":60754},"I-LOC":{"f1-score":0,"support":2763,"precision":0,"recall":0},"B-open":{"support":8333,"precision":0.7876181474480152,"recall":1,"f1-score":0.8811928303283456},"accuracy":0.8846660302202324,"B-outside":{"support":764,"precision":0,"recall":0,"f1-score":0},"macro avg":{"f1-score":0.39083906684568565,"support":60754,"precision":0.36715360810788383,"recall":0.41905896860211383},"O":{"recall":0.9815343837431895,"f1-score":0.9512908704277212,"support":33955,"precision":0.9228554023370438}},"confusion_matrix":{"ncols":3,"nrows":49,"_type":"table-file","sha256":"bffd89c9f7d7f8bb7e4a6cbbaa7085400a113359937dac39bc122e49fe4a7550","size":1297,"artifact_path":"wandb-client-artifact://nja35ogr07lbvgts7v6ynyetqhqnuu5ruain6wf19htb9aafvnruddvkx60olje6kz4s2jmqnsvab1rx0c10wby2xnww35uhqj3fs8m1nxr7lgrin3a9e6o5bzw54brl/confusion_matrix.table.json","_latest_artifact_path":"wandb-client-artifact://7n3b92fiytbq5n77exvkjfcptryt3zthd241h2vc6b37h1sm8hs5xuoyuwhznxiynqyt5hmyra875ia2hqj5uwwpy0nbyhq9zdszbex9zw43u2pjcsdsdq8ejvpspuwb:latest/confusion_matrix.table.json","path":"media/table/confusion_matrix_1_bffd89c9f7d7f8bb7e4a.table.json"},"I-LOC_f1-score":0,"_runtime":6.519063921,"B-outside_f1-score":0,"B-LOC_f1-score":0.9033897671637329,"test_accuracy":0.8846660302202324,"B-open_recall":1,"_step":10,"O_recall":0.9815343837431895,"O_f1-score":0.9512908704277212,"B-inside_f1-score":0,"B-close_precision":0,"I-LOC_precision":0,"train_accuracy":0.8836939435588073,"B-inside_recall":0,"_timestamp":1.737726720296096e+09,"roc_curve":{"size":26899,"path":"media/plotly/roc_curve_2_17eaaf5c957265016f61.plotly.json","_type":"plotly-file","sha256":"17eaaf5c957265016f615c2fd5f89614473c1d422312e0ec5cacebefd2665646"},"B-outside_recall":0,"B-close_recall":0,"_wandb":{"runtime":6},"B-inside_precision":0,"O_precision":0.9228554023370438,"B-LOC_precision":0.859601706970128,"I-LOC_recall":0,"B-open_precision":0.7876181474480152,"B-open_f1-score":0.8811928303283456,"B-LOC_recall":0.9518783964716074}