{"4_precision":0,"weighted avg_recall":0.5588932415972611,"_wandb":{"runtime":105},"1_f1-score":0,"4_f1-score":0,"6_precision":0.5588932415972611,"0_precision":0,"3_f1-score":0,"2_recall":0,"macro avg_precision":0.07984189165675158,"5_precision":0,"1_precision":0,"_runtime":105.410266392,"3_precision":0,"6_recall":1,"macro avg_recall":0.14285714285714285,"2_precision":0,"roc_curve":{"sha256":"42feb78ff962276aea6ae0988150c6f269a0ee1f68365842ac083c4a59aa34ff","size":879458,"path":"media/plotly/roc_curve_2_42feb78ff962276aea6a.plotly.json","_type":"plotly-file"},"weighted avg_precision":0.31236165550309447,"3_recall":0,"2_f1-score":0,"0_f1-score":0,"_timestamp":1.737725930448363e+09,"train_accuracy":0.5608483461858165,"4_recall":0,"macro avg_f1-score":0.10243407248971662,"test_accuracy":0.5588932415972611,"classification_report":{"0":{"f1-score":0,"support":12697,"precision":0,"recall":0},"5":{"support":2763,"precision":0,"recall":0,"f1-score":0},"2":{"f1-score":0,"support":480,"precision":0,"recall":0},"6":{"support":33955,"precision":0.5588932415972611,"recall":1,"f1-score":0.7170385074280163},"macro avg":{"recall":0.14285714285714285,"f1-score":0.10243407248971662,"support":60754,"precision":0.07984189165675158},"weighted avg":{"support":60754,"precision":0.31236165550309447,"recall":0.5588932415972611,"f1-score":0.40074797576650584},"3":{"support":8333,"precision":0,"recall":0,"f1-score":0},"1":{"recall":0,"f1-score":0,"support":1762,"precision":0},"accuracy":0.5588932415972611,"4":{"f1-score":0,"support":764,"precision":0,"recall":0}},"5_f1-score":0,"5_recall":0,"confusion_matrix":{"artifact_path":"wandb-client-artifact://yrd2g0j94u53kjgaws19qfxhji7b0i897h25oz5w9df2g559siwg7rf88dcf0nqbns82dzmhex74fso5jn9gb8v3p9tq8vb0wmb1eknaqm5yi25re0qf7r417j847o4w/confusion_matrix.table.json","_latest_artifact_path":"wandb-client-artifact://mp7eg972hgu3jplyyoxnzze413jw4gyxbxrx5f4v18f5vr0zv5sndzngyknzw5y54kam8ab8y3qzgfpv1hfrs31xw12cf51upz08qzh7ogqiz1kc8p2kn550g4k9yusp:latest/confusion_matrix.table.json","path":"media/table/confusion_matrix_1_5c71386b43a9b9788b63.table.json","ncols":3,"nrows":49,"_type":"table-file","sha256":"5c71386b43a9b9788b63f31db905152ea39a49420a639abd378d3431da42b52b","size":615},"0_recall":0,"weighted avg_f1-score":0.40074797576650584,"1_recall":0,"_step":12,"6_f1-score":0.7170385074280163}