{"train_accuracy":0.5608483461858165,"B-close_precision":0,"I-LOC_recall":0,"B-inside_recall":0,"B-open_precision":0,"B-open_f1-score":0,"B-LOC_precision":0,"I-LOC_precision":0,"roc_curve":{"path":"media/plotly/roc_curve_2_520eeb884ec75d9a0e34.plotly.json","_type":"plotly-file","sha256":"520eeb884ec75d9a0e340585b2ef8076ccb09a63ae941679808063ad1a85e6b2","size":879442},"B-close_f1-score":0,"classification_report":{"B-outside":{"recall":0,"f1-score":0,"support":764,"precision":0},"weighted avg":{"f1-score":0.40074797576650584,"support":60754,"precision":0.31236165550309447,"recall":0.5588932415972611},"B-open":{"recall":0,"f1-score":0,"support":8333,"precision":0},"B-inside":{"f1-score":0,"support":480,"precision":0,"recall":0},"B-LOC":{"support":12697,"precision":0,"recall":0,"f1-score":0},"O":{"precision":0.5588932415972611,"recall":1,"f1-score":0.7170385074280163,"support":33955},"macro avg":{"recall":0.14285714285714285,"f1-score":0.10243407248971662,"support":60754,"precision":0.07984189165675158},"I-LOC":{"recall":0,"f1-score":0,"support":2763,"precision":0},"accuracy":0.5588932415972611,"B-close":{"recall":0,"f1-score":0,"support":1762,"precision":0}},"B-inside_precision":0,"_step":10,"O_precision":0.5588932415972611,"_runtime":150.962712219,"B-close_recall":0,"B-LOC_f1-score":0,"B-LOC_recall":0,"_timestamp":1.737726496043287e+09,"O_recall":1,"B-outside_precision":0,"O_f1-score":0.7170385074280163,"B-open_recall":0,"B-inside_f1-score":0,"I-LOC_f1-score":0,"_wandb":{"runtime":150},"test_accuracy":0.5588932415972611,"B-outside_f1-score":0,"B-outside_recall":0,"confusion_matrix":{"nrows":49,"_type":"table-file","sha256":"054e3d1481af084087ed611fe4090375eb35a0e887d155d6607193b602ca1711","size":1287,"artifact_path":"wandb-client-artifact://jfznwsidc8of55k2u52czwgx0owlc79txwy89baluppq07dueq5ezj1x2enm8qspc4j3p15r9j0tfs0bcin6vjeg1dcg3r8f5swzvtp9ygi1hnnp3l4q8ailvmum057l/confusion_matrix.table.json","_latest_artifact_path":"wandb-client-artifact://6548f6oay9qdwo3i49yv8okz6yhz6e1jf50q1bnut3td6p148mg3m1sytqi6glpvpvtlkaq7toqq5rldkolfx3w27sc8ynewhhvab9y782n6n78rii2018b5cylzuf3g:latest/confusion_matrix.table.json","path":"media/table/confusion_matrix_1_054e3d1481af084087ed.table.json","ncols":3}}