{"0_precision":0.20914127423822715,"3_f1-score":0.010561359201010216,"2_recall":0,"classification_report":{"1":{"precision":0.02127659574468085,"recall":0.0005675368898978433,"f1-score":0.001105583195135434,"support":1762},"4":{"precision":0.0625,"recall":0.0013089005235602095,"f1-score":0.002564102564102564,"support":764},"6":{"support":33955,"precision":0.5592935522357962,"recall":0.980209100279782,"f1-score":0.7122100487888385},"weighted avg":{"precision":0.3774202105201327,"recall":0.5511900450999111,"f1-score":0.40442594484923533,"support":60754},"3":{"f1-score":0.010561359201010216,"support":8333,"precision":0.12169312169312169,"recall":0.005520220808832354},"5":{"f1-score":0.0035236081747709656,"support":2763,"precision":0.06666666666666667,"recall":0.0018096272167933405},"macro avg":{"recall":0.14304399410965965,"f1-score":0.10749572924442152,"support":60754,"precision":0.1486530300826418},"accuracy":0.5511900450999111,"2":{"f1-score":0,"support":480,"precision":0,"recall":0},"0":{"precision":0.20914127423822715,"recall":0.011892573048751673,"f1-score":0.022505402787092926,"support":12697}},"_runtime":161.837091407,"1_precision":0.02127659574468085,"5_precision":0.06666666666666667,"1_f1-score":0.001105583195135434,"4_precision":0.0625,"_wandb":{"runtime":161},"5_f1-score":0.0035236081747709656,"4_f1-score":0.002564102564102564,"5_recall":0.0018096272167933405,"3_recall":0.005520220808832354,"6_recall":0.980209100279782,"test_accuracy":0.5511900450999111,"2_precision":0,"_step":10,"1_recall":0.0005675368898978433,"_timestamp":1.737730732909952e+09,"3_precision":0.12169312169312169,"0_f1-score":0.022505402787092926,"0_recall":0.011892573048751673,"4_recall":0.0013089005235602095,"roc_curve":{"path":"media/plotly/roc_curve_2_41c52f927f9ae413454c.plotly.json","_type":"plotly-file","sha256":"41c52f927f9ae413454cb77a4c45447f9c2975006053c10e4fc603665911dd68","size":771964},"confusion_matrix":{"size":632,"artifact_path":"wandb-client-artifact://wx9vkpluyi6nqxiokdqbpziqr4c8rd80aw2z3lfylreoodwh9w6smuyf4dgmh1rm185j90cljhfgg1vobod3763oerd687plo9ha56dw2106h4whqyo76io159rv68rv/confusion_matrix.table.json","_latest_artifact_path":"wandb-client-artifact://nc52ktwdpzall91ynx4mt6itxru0ki5a9zsvgvb0v7rx87vhtem2ig7se8j9ajnfpwi62qudd27rdyk4wda8rlk4gftjz5hgrdrzssmllrgjckc9ujr5tg00wjwupyry:latest/confusion_matrix.table.json","path":"media/table/confusion_matrix_1_13d1d6f7a5b24f48a551.table.json","ncols":3,"nrows":49,"_type":"table-file","sha256":"13d1d6f7a5b24f48a551c1fbbeef3d589481d85e25b07147df5c1545766ada8e"},"2_f1-score":0,"6_f1-score":0.7122100487888385,"train_accuracy":0.5768433094389623,"6_precision":0.5592935522357962}