{"3_f1-score":0.0021415823914336706,"0_precision":0.19607843137254902,"0_recall":0.0039379380956131365,"1_recall":0,"4_f1-score":0.002600780234070221,"confusion_matrix":{"sha256":"1ec9dff43ddea1bf87118741749583edb5d5bbeb3175ed11c6c77fb4827a2142","size":623,"artifact_path":"wandb-client-artifact://1oy2l0so8gry53pkqu3343ly8vznlzqmcnblxatcee22yjnfxhbfcstluuefdqjz3kzt6wba6lnrd3dgdet6vho5t58dhdkxd5b8w07686v6n9qcrmeu2ir1j3vht92v/confusion_matrix.table.json","_latest_artifact_path":"wandb-client-artifact://fs49cpkls8cjhccew6nloh8rq5fjqgza552lxefulxx52v21bjjx69go0zy3z7xa189g668zj4b8jof4nirhe2l6oyzzgt2vca1k13tgzt5ccp3xbppk5dqfcjd21uu7:latest/confusion_matrix.table.json","path":"media/table/confusion_matrix_2_1ec9dff43ddea1bf8711.table.json","ncols":3,"nrows":49,"_type":"table-file"},"0_f1-score":0.0077208153180975915,"2_precision":0,"4_precision":0.2,"roc_curve":{"size":1058218,"path":"media/plotly/roc_curve_3_0a30e87069dd57196792.plotly.json","_type":"plotly-file","sha256":"0a30e87069dd5719679289bf178af221c3fe0c1dd249f9a812e98ac0bd6baafc"},"_wandb":{"runtime":55},"2_recall":0,"_step":11,"6_precision":0.559025133282559,"test_accuracy":0.5567370049708661,"3_precision":0.125,"training_loss":{"path":"media/plotly/training_loss_0_d1258f3fd758a4df3772.plotly.json","_type":"plotly-file","sha256":"d1258f3fd758a4df37723a4a8094151a0fce6f8a0e5dc7d836a6bab4a65e5dbd","size":14930},"5_recall":0,"classification_report":{"1":{"f1-score":0,"support":1762,"precision":0,"recall":0},"5":{"recall":0,"f1-score":0,"support":2763,"precision":0},"6":{"recall":0.9943749079664261,"f1-score":0.7156953144044175,"support":33955,"precision":0.559025133282559},"accuracy":0.5567370049708661,"2":{"precision":0,"recall":0,"f1-score":0,"support":480},"weighted avg":{"recall":0.5567370049708661,"f1-score":0.401937294579164,"support":60754,"precision":0.3730738921510772},"4":{"precision":0.2,"recall":0.0013089005235602095,"f1-score":0.002600780234070221,"support":764},"3":{"f1-score":0.0021415823914336706,"support":8333,"precision":0.125,"recall":0.001080043201728069},"0":{"precision":0.19607843137254902,"recall":0.0039379380956131365,"f1-score":0.0077208153180975915,"support":12697},"macro avg":{"precision":0.15430050923644398,"recall":0.1429573985410468,"f1-score":0.10402264176400271,"support":60754}},"6_recall":0.9943749079664261,"train_accuracy":0.5652513846938859,"1_f1-score":0,"_timestamp":1.737730323646278e+09,"5_precision":0,"_runtime":55.067186263,"5_f1-score":0,"2_f1-score":0,"1_precision":0,"6_f1-score":0.7156953144044175,"3_recall":0.001080043201728069,"4_recall":0.0013089005235602095}