{"train_accuracy_depth_16":0.9784374562782391,"4_recall":1,"0_recall":0.970307946759077,"confusion_matrix":{"sha256":"1a1b85fa7e977a0645428f9b6e09025db1421475133ff95ad89a09d8f67eddd0","size":626,"artifact_path":"wandb-client-artifact://lmsin9wlbcviv6h1hw1o7q9flqe61edg4vnnhoyr4kdtf2w8m3scgcp22udccn6dkuin5pvfyiot3xyo2j5ieyadrlazvdxkxglirc3vvdk282hhg9xsfms6gpbbaxdi/confusion_matrix.table.json","_latest_artifact_path":"wandb-client-artifact://qujlgzpswc6ocln5fvozn7atei7akdvigs86wmdgkoud901dfnsg4775u6cfy4ijrsj4vmsvnc0222blbb0gwz7wefpv8avev7d1cn8uc3z5n4jp24xr8768esfyn12j:latest/confusion_matrix.table.json","path":"media/table/confusion_matrix_21_1a1b85fa7e977a064542.table.json","ncols":3,"nrows":49,"_type":"table-file"},"train_accuracy_depth_20":0.9816348029331643,"train_accuracy_depth_14":0.9708288411367246,"train_accuracy_depth_7":0.8184055239615825,"1_recall":0.9960272417707151,"train_loss":{"sha256":"4c7ef37006259456733bb2296b59a40f8762e610cfa8fd2154d2e9f9099b7b3b","size":9200,"path":"media/plotly/train_loss_23_4c7ef37006259456733b.plotly.json","_type":"plotly-file"},"train_accuracy_depth_12":0.9530850074481305,"train_accuracy_depth_17":0.9796349181528636,"train_accuracy_depth_5":0.7407515616384241,"5_precision":0.9027210884353741,"0_precision":0.9583074051026758,"train_accuracy_depth_18":0.9805278708222571,"6_recall":0.9771462229421293,"4_precision":1,"train_accuracy":0.9816348029331643,"1_precision":0.9965928449744463,"train_accuracy_depth_4":0.6877216950463759,"2_precision":0.997920997920998,"3_recall":0.9987999519980799,"1_f1-score":0.996309963099631,"train_accuracy_depth_19":0.9811492342004987,"train_accuracy_depth_3":0.6784218193190515,"train_accuracy_depth_2":0.653917058276478,"5_recall":0.9605501266739052,"_timestamp":1.737731767285136e+09,"train_accuracy_depth_9":0.8918128173685467,"5_f1-score":0.9307382079607224,"train_accuracy_depth_15":0.9750302451710601,"train_accuracy_depth_6":0.7696758211461068,"3_f1-score":0.998141152485459,"3_precision":0.99748322147651,"train_accuracy_depth_10":0.9214119351148493,"roc_curve":{"_type":"plotly-file","sha256":"b3bad6b5446a20e9013b5e9752c1a608df1684507f255842b3e9039a564a2609","size":20546,"path":"media/plotly/roc_curve_22_b3bad6b5446a20e9013b.plotly.json"},"classification_report":{"6":{"precision":0.9872351820995001,"recall":0.9771462229421293,"f1-score":0.9821647943400974,"support":33955},"4":{"recall":1,"f1-score":1,"support":764,"precision":1},"weighted avg":{"f1-score":0.9790447487788716,"support":60754,"precision":0.9792679404571708,"recall":0.9789478882048919},"1":{"f1-score":0.996309963099631,"support":1762,"precision":0.9965928449744463,"recall":0.9960272417707151},"2":{"recall":1,"f1-score":0.9989594172736732,"support":480,"precision":0.997920997920998},"0":{"recall":0.970307946759077,"f1-score":0.964270340077486,"support":12697,"precision":0.9583074051026758},"5":{"support":2763,"precision":0.9027210884353741,"recall":0.9605501266739052,"f1-score":0.9307382079607224},"macro avg":{"support":60754,"precision":0.9771801057156434,"recall":0.9861187843062723,"f1-score":0.9815119821767242},"accuracy":0.9789478882048919,"3":{"f1-score":0.998141152485459,"support":8333,"precision":0.99748322147651,"recall":0.9987999519980799}},"_step":31,"train_accuracy_depth_8":0.8708963269605866,"_runtime":8.527670165,"6_precision":0.9872351820995001,"_wandb":{"runtime":8},"2_f1-score":0.9989594172736732,"0_f1-score":0.964270340077486,"train_accuracy_depth_11":0.9417646719942061,"6_f1-score":0.9821647943400974,"test_accuracy":0.9789478882048919,"train_accuracy_depth_1":0.5608483461858165,"train_accuracy_depth_13":0.9644588377624335,"4_f1-score":1,"2_recall":1}