{"6_f1-score":0.7170385074280163,"3_precision":0,"confusion_matrix":{"artifact_path":"wandb-client-artifact://x1ganr97nrzlhq0826bzlrf2t9j1va1egao7lcivjls37n285liuzgvfpsdb9lxigyxys93pk4j3kofcd1m9kzdeon3jcdus5oke6v0l824hlw4457qhuh2dkdc35luu/confusion_matrix.table.json","_latest_artifact_path":"wandb-client-artifact://4zjwn90kaqilgeuaug98ilo4pw8mv6y92gqbpz40t4t1luw4zu5g1kvy0ix8y8e0wq2l3j2c7io0ja1g8xna8z1as6jepx3pkbyv49xp5vvdi428wzm6b8enwuxd6upr:latest/confusion_matrix.table.json","path":"media/table/confusion_matrix_1_5c71386b43a9b9788b63.table.json","ncols":3,"nrows":49,"_type":"table-file","sha256":"5c71386b43a9b9788b63f31db905152ea39a49420a639abd378d3431da42b52b","size":615},"1_recall":0,"0_recall":0,"_timestamp":1.737731266250327e+09,"1_precision":0,"6_precision":0.5588932415972611,"train_accuracy":0.5608483461858165,"4_f1-score":0,"test_accuracy":0.5588932415972611,"2_f1-score":0,"roc_curve":{"size":879374,"path":"media/plotly/roc_curve_2_255e4ef80a6c058328c6.plotly.json","_type":"plotly-file","sha256":"255e4ef80a6c058328c6fb1e79d3188c5fa5d16b47cb5ea323e3a8edac332c96"},"1_f1-score":0,"_wandb":{"runtime":218},"_step":11,"loss_curve":{"_type":"plotly-file","sha256":"f64bb33da5b3a876a8fde5aec4c1676a1b1ad276f849e9738d054f8c4353d0de","size":9200,"path":"media/plotly/loss_curve_11_f64bb33da5b3a876a8fd.plotly.json"},"4_recall":0,"6_recall":1,"5_f1-score":0,"3_f1-score":0,"4_precision":0,"5_precision":0,"0_f1-score":0,"classification_report":{"accuracy":0.5588932415972611,"3":{"f1-score":0,"support":8333,"precision":0,"recall":0},"weighted avg":{"recall":0.5588932415972611,"f1-score":0.40074797576650584,"support":60754,"precision":0.31236165550309447},"5":{"recall":0,"f1-score":0,"support":2763,"precision":0},"0":{"recall":0,"f1-score":0,"support":12697,"precision":0},"macro avg":{"precision":0.07984189165675158,"recall":0.14285714285714285,"f1-score":0.10243407248971662,"support":60754},"6":{"precision":0.5588932415972611,"recall":1,"f1-score":0.7170385074280163,"support":33955},"4":{"precision":0,"recall":0,"f1-score":0,"support":764},"2":{"precision":0,"recall":0,"f1-score":0,"support":480},"1":{"precision":0,"recall":0,"f1-score":0,"support":1762}},"5_recall":0,"0_precision":0,"2_precision":0,"2_recall":0,"3_recall":0,"_runtime":218.45482406}