{"training_loss":{"path":"media/plotly/training_loss_1_f3dfb12bd9ebb0f5463c.plotly.json","_type":"plotly-file","sha256":"f3dfb12bd9ebb0f5463c8cd0d8d6379c28583f63e0fedafd37369867371102d1","size":14931},"_timestamp":1.737727949129869e+09,"1_recall":0,"2_f1-score":0,"train_accuracy":0.564946875488655,"_wandb":{"runtime":243},"4_precision":0.2,"test_accuracy":0.5570168219376502,"2_precision":0,"1_f1-score":0,"3_precision":0.14814814814814814,"confusion_matrix":{"size":623,"artifact_path":"wandb-client-artifact://tne6p45g129si8hrdz5mrlo7x613fleo8zlbkjj3hywc4ql7av27g0g6q3rw1qf0xy68ddk8yksbe2f5dloq5j3al5v2vnxwv19d56vcweawozc3cnvyhpaf0c1o5zn6/confusion_matrix.table.json","_latest_artifact_path":"wandb-client-artifact://ykea5dpfygph9d4hfcygnvqa5s5y6u4jyfg9p7qtzr5t2e7p6blnc87cbstmkuvoj899dx7hm4xwykpr516b9ynw90z7ikra6qo9lnka0u71zqpvzr9j9flfehp3hm7w:latest/confusion_matrix.table.json","path":"media/table/confusion_matrix_3_a51cb438c7c0eb802384.table.json","ncols":3,"nrows":49,"_type":"table-file","sha256":"a51cb438c7c0eb8023840cbfbb6813e30dd6f9f26e7214d605722d183d70c635"},"6_f1-score":0.7158633261265844,"0_recall":0.004252973143262188,"5_recall":0.0003619254433586681,"5_f1-score":0.0007194244604316547,"6_recall":0.9946399646591076,"4_recall":0.0013089005235602095,"0_f1-score":0.008346213292117466,"classification_report":{"6":{"precision":0.5591463717488121,"recall":0.9946399646591076,"f1-score":0.7158633261265844,"support":33955},"2":{"precision":0,"recall":0,"f1-score":0,"support":480},"1":{"precision":0,"recall":0,"f1-score":0,"support":1762},"0":{"recall":0.004252973143262188,"f1-score":0.008346213292117466,"support":12697,"precision":0.2222222222222222},"4":{"support":764,"precision":0.2,"recall":0.0013089005235602095,"f1-score":0.002600780234070221},"accuracy":0.5570168219376502,"macro avg":{"precision":0.16976289593299246,"recall":0.14314340305308468,"f1-score":0.10434030471269816,"support":60754},"5":{"precision":0.058823529411764705,"recall":0.0003619254433586681,"f1-score":0.0007194244604316547,"support":2763},"3":{"support":8333,"precision":0.14814814814814814,"recall":0.0014400576023040922,"f1-score":0.0028523888756833847},"weighted avg":{"support":60754,"precision":0.384455649645615,"recall":0.5570168219376502,"f1-score":0.4022921096747911}},"roc_curve":{"path":"media/plotly/roc_curve_4_d86210b0b219576d0b03.plotly.json","_type":"plotly-file","sha256":"d86210b0b219576d0b03a289476b5351b2e78d06c2643bd1dd73aebe26511422","size":1054543},"2_recall":0,"5_precision":0.058823529411764705,"1_precision":0,"6_precision":0.5591463717488121,"3_f1-score":0.0028523888756833847,"_step":12,"0_precision":0.2222222222222222,"_runtime":243.125517396,"3_recall":0.0014400576023040922,"4_f1-score":0.002600780234070221}